{
    "appKeys": {},
    "capabilities": [
        "location"
    ],
    "companyName": "Nos-otros",
    "longName": "PROJECT_SPACE",
    "projectType": "pebblejs",
    "resources": {
        "media": [
            {
                "file": "images/menu_icon.png",
                "name": "IMAGE_MENU_ICON",
                "type": "png"
            },
            {
                "file": "images/logo_splash.png",
                "name": "IMAGE_LOGO_SPLASH",
                "type": "png"
            },
            {
                "file": "images/tile_splash.png",
                "name": "IMAGE_TILE_SPLASH",
                "type": "png"
            },
            {
                "file": "fonts/UbuntuMono-Regular.ttf",
                "name": "MONO_FONT_14",
                "type": "font"
            },
            {
                "file": "images/promo.png",
                "name": "IMAGES_PROMO_PNG",
                "type": "png"
            },
            {
                "file": "images/logo.png",
                "menuIcon": true,
                "name": "IMAGES_LOGO_PNG",
                "type": "png"
            }
        ]
    },
    "sdkVersion": "3",
    "shortName": "PROJECT_SPACE",
    "uuid": "bbc81860-f428-4b63-a073-5c24bc12aaf6",
    "versionCode": 1,
    "versionLabel": "1.0",
    "watchapp": {
        "hiddenApp": false,
        "watchface": false
    }
}
